{
	"info": {
		"_postman_id": "9933372f-a046-4b81-b6ed-86e53a50d35f",
		"name": "Tests",
		"schema": "https://schema.getpostman.com/json/collection/v2.1.0/collection.json"
	},
	"item": [
		{
			"name": "Import CSV",
			"event": [
				{
					"listen": "prerequest",
					"script": {
						"exec": [
							"var dealers = ['c24fbf6a-31c7-11ec-8d3d-0242ac130003',",
							"'cbd82392-31c7-11ec-8d3d-0242ac130003',",
							"'44024244-31c8-11ec-8d3d-0242ac130003',",
							"'489e34a2-31c8-11ec-8d3d-0242ac130003',",
							"'4d5bc432-31c8-11ec-8d3d-0242ac130003',",
							"'519c1268-31c8-11ec-8d3d-0242ac130003'];",
							"",
							"var dealerId = dealers[_.random(0, 5)];",
							"pm.environment.set(\"dealerId\", dealerId);",
							"",
							"",
							""
						],
						"type": "text/javascript"
					}
				}
			],
			"request": {
				"method": "POST",
				"header": [],
				"body": {
					"mode": "formdata",
					"formdata": [
						{
							"key": "file",
							"type": "file",
							"src": "/Users/mandlsre/Learn/project/dealer-listing-management/docs/file.csv"
						}
					]
				},
				"url": {
					"raw": "localhost:8080/upload_csv/{{dealerId}}",
					"host": [
						"localhost"
					],
					"port": "8080",
					"path": [
						"upload_csv",
						"{{dealerId}}"
					]
				}
			},
			"response": []
		},
		{
			"name": "Import JSON",
			"event": [
				{
					"listen": "prerequest",
					"script": {
						"exec": [
							"var dealers = ['c24fbf6a-31c7-11ec-8d3d-0242ac130003',",
							"'cbd82392-31c7-11ec-8d3d-0242ac130003',",
							"'44024244-31c8-11ec-8d3d-0242ac130003',",
							"'489e34a2-31c8-11ec-8d3d-0242ac130003',",
							"'4d5bc432-31c8-11ec-8d3d-0242ac130003',",
							"'519c1268-31c8-11ec-8d3d-0242ac130003'];",
							"",
							"var dealerId = dealers[_.random(0, 5)];",
							"pm.environment.set(\"dealerId\", dealerId);",
							"",
							"",
							""
						],
						"type": "text/javascript"
					}
				}
			],
			"request": {
				"method": "POST",
				"header": [
					{
						"key": "DEALER_ID",
						"value": "4d5bc432-31c8-11ec-8d3d-0242ac130003",
						"type": "text"
					}
				],
				"body": {
					"mode": "raw",
					"raw": "[\n    {\n        \"code\": \"2\",\n        \"make\": \"audi\",\n        \"model\": \"a9\",\n        \"power\": 111,\n        \"year\": 2017,\n        \"color\": \"white\",\n        \"price\": 17210.0\n    },\n    {\n        \"code\": \"3\",\n        \"make\": \"audi\",\n        \"model\": \"a9\",\n        \"power\": 111,\n        \"year\": 2017,\n        \"color\": \"white\",\n        \"price\": 17210.0\n    }\n]",
					"options": {
						"raw": {
							"language": "json"
						}
					}
				},
				"url": {
					"raw": "localhost:8080/vehicle_listings",
					"host": [
						"localhost"
					],
					"port": "8080",
					"path": [
						"vehicle_listings"
					]
				}
			},
			"response": []
		},
		{
			"name": "Search Listings",
			"event": [
				{
					"listen": "prerequest",
					"script": {
						"exec": [
							"var dealers = ['c24fbf6a-31c7-11ec-8d3d-0242ac130003',",
							"'cbd82392-31c7-11ec-8d3d-0242ac130003',",
							"'44024244-31c8-11ec-8d3d-0242ac130003',",
							"'489e34a2-31c8-11ec-8d3d-0242ac130003',",
							"'4d5bc432-31c8-11ec-8d3d-0242ac130003',",
							"'519c1268-31c8-11ec-8d3d-0242ac130003'];",
							"",
							"var dealerId = dealers[_.random(0, 5)];",
							"pm.environment.set(\"dealerId\", dealerId);",
							"",
							"",
							""
						],
						"type": "text/javascript"
					}
				}
			],
			"protocolProfileBehavior": {
				"disableBodyPruning": true
			},
			"request": {
				"method": "GET",
				"header": [],
				"body": {
					"mode": "raw",
					"raw": "{\n    \"year\": \"2017\"\n}",
					"options": {
						"raw": {
							"language": "json"
						}
					}
				},
				"url": {
					"raw": "localhost:8080/search",
					"host": [
						"localhost"
					],
					"port": "8080",
					"path": [
						"search"
					]
				}
			},
			"response": []
		}
	]
}